{
  "e": 0.1270768680214101,
  "t": 0.09031257767482757,
  "a": 0.08073194685199864,
  "o": 0.07717082673139468,
  "n": 0.07144375795977223,
  "i": 0.06540756867568012,
  "h": 0.06532255648655147,
  "s": 0.063870386368255,
  "r": 0.05802170968418376,
  "d": 0.04555681769419415,
  "l": 0.04018178034955393,
  "u": 0.028083169448724292,
  "m": 0.025250563306957963,
  "c": 0.023670470085020285,
  "w": 0.02363452207361732,
  "f": 0.0217887050376604,
  "g": 0.020327790808482113,
  "y": 0.019731086204788695,
  "p": 0.016030546094013765,
  "b": 0.014106193988099912,
  "v": 0.00999192789023226,
  "k": 0.008186754777077799,
  "x": 0.001413469331245542,
  "q": 0.0010167457819785493,
  "j": 0.0009037200524322797,
  "z": 0.000767538621847161
}
