{
  "s": 0.0634432451578671,
  "t": 0.09026835981789211,
  "a": 0.08067284224094064,
  "r": 0.057190551015422975,
  "o": 0.07566656056778702,
  "f": 0.02178292421216857,
  "h": 0.06532829833514006,
  "e": 0.12443760637777637,
  "p": 0.017139825146316446,
  "j": 0.0013050004701214582,
  "c": 0.02394249052236715,
  "g": 0.020290032653360785,
  "u": 0.027439501195620452,
  "n": 0.07044545622491996,
  "b": 0.015033964503546228,
  "k": 0.008232244095250859,
  "i": 0.06912628123846844,
  "l": 0.03967399872397854,
  "d": 0.04504141557429706,
  "v": 0.01002784032501851,
  "w": 0.02433701456022067,
  "y": 0.019722107032402788,
  "m": 0.026067093025618233,
  "q": 0.0010793106712216212,
  "x": 0.0015379350218122183,
  "z": 0.0007681012904637161
}
