{
  "S": 0.04826907810720326,
  "T": 0.08869752298116637,
  "A": 0.0785731543160874,
  "R": 0.027663686880889105,
  "O": 0.02222759120560522,
  "F": 0.021577560717449578,
  "H": 0.06553227717760214,
  "E": 0.030677987551628528,
  "P": 0.05654689998734454,
  "J": 0.015560464340362866,
  "C": 0.03360600098942694,
  "G": 0.018948676353846686,
  "U": 0.004573223345873744,
  "N": 0.034980844234287094,
  "B": 0.047992958961792016,
  "K": 0.009848249519667736,
  "I": 0.2012333321828369,
  "W": 0.04929301993810329,
  "L": 0.021635085539410254,
  "M": 0.055074264545151234,
  "D": 0.02673178476512615,
  "V": 0.01130362751527284,
  "Q": 0.0033019247805428044,
  "X": 0.005959571555126037,
  "Z": 0.0007880900608612616,
  "Y": 0.019403122447336024
}
